
/*
 * Authors: Robert Marshall (database objects and data population), Anuj Joshi (Stored procedures 
 * and views), Ram(stored procedures and views), Pierre Augustamar(stored procedudres and views)
 * Purpose: INFX563 - Group 2 Final Project
 */

/*
This section of the script creates the Summer camp database and related tables
*/
USE master;
GO

IF EXISTS ( SELECT [name] FROM sys.databases WHERE [name] = 'SUMMER_CAMP' )
DROP DATABASE SUMMER_CAMP
GO

CREATE DATABASE SUMMER_CAMP
GO

USE SUMMER_CAMP;
GO


/* 
Creating a schema to host all related objects. This will come in handy if this 
database is moved/integrated into any other larger enterprise system in the future.
*/

CREATE SCHEMA CAMP
GO

/*
   ROLES table: contains a description of each of the possible roles. 
   Role_Id 1 is for administrator,  2 for instructor, 3 for work crews, 4 for parent, 5 for student
*/
CREATE TABLE CAMP.ROLES
	(
		ROLE_ID			INT PRIMARY KEY,
		ROLE_NAME		VARCHAR(40) NOT NULL,
		IS_ACTIVE		BIT NOT NULL,
		CREATED_DATE	DATETIME NOT NULL,
		UPDATED_DATE	DATETIME NOT NULL
	);

/*
  USER table: Contains any users that are listed to be students, parents, or staff
*/
CREATE TABLE  CAMP.[USER]
	(
		[USER_ID]			INT PRIMARY KEY,
		[PWD]				VARCHAR(30) NOT NULL,
		[UID]			    UNIQUEIDENTIFIER NOT NULL,
		FIRST_NAME			VARCHAR(40) NOT NULL,
		LAST_NAME           VARCHAR(40) NOT NULL,
		IS_ACTIVE			BIT NOT NULL,
		CREATED_DATE	    DATETIME NOT NULL,
		UPDATED_DATE		DATETIME NOT NULL
	);

/*
   MAP_USER_ROLE table: an intermediary table to map a user to a specific role 
*/
CREATE TABLE CAMP.MAP_USER_ROLE
	(
	    [USER_ID]		 INT FOREIGN KEY REFERENCES CAMP.[USER]([USER_ID]),
	    [ROLE_ID]		 INT FOREIGN KEY REFERENCES CAMP.[ROLES]([ROLE_ID]),
		CREATED_DATE	 DATETIME NOT NULL
	);

/*
   PARENT table: contains student's parents contact information

*/
CREATE TABLE CAMP.PARENT
	(
		PARENT_ID					INT PRIMARY KEY FOREIGN KEY REFERENCES CAMP.[USER]([USER_ID]),
		EMERGENCY_PHONE_NUMBER      VARCHAR(40) NOT NULL,
		CREATED_DATE			    DATETIME NOT NULL,
		UPDATED_DATE			    DATETIME NOT NULL
	);

/*
   STUDENT table: contains student's associated parents, and date of birth. 
   PARENT_ID1 is the primary parent to be contacted while PARENT_ID2 is the secondary parent to be contacted 
*/

CREATE TABLE CAMP.STUDENT
	(
		STUDENT_ID			INT PRIMARY KEY FOREIGN KEY REFERENCES CAMP.[USER]([USER_ID]),
		DATE_OF_BIRTH		DATE NOT NULL,
		PRIMARY_PARENT_ID	INT NOT NULL FOREIGN KEY REFERENCES CAMP.PARENT(PARENT_ID),
		SECONDARY_PARENT_ID INT NULL FOREIGN KEY REFERENCES CAMP.PARENT(PARENT_ID),
		CREATED_DATE		DATETIME NOT NULL,
		UPDATED_DATE		DATETIME NOT NULL,
	);

/*
	STAFF table: contains contact info for any members that are part of the school staff. 
	A staff can be an instructor, administrator, or work crew.
*/

CREATE TABLE CAMP.STAFF
	(
		STAFF_ID		INT PRIMARY KEY FOREIGN KEY REFERENCES CAMP.[USER]([USER_ID]),
	    PHONE			VARCHAR(40) NOT NULL,
		[START_DATE]	DATE NOT NULL,
		[END_DATE]		DATE NULL,
		CREATED_DATE	DATETIME NOT NULL,
		UPDATED_DATE	DATETIME NOT NULL
	);

/*
	BUILDING table: contains info regarding the location of a building that's being used for a Summer camp
*/
CREATE TABLE CAMP.BUILDING
	(
		BUILDING_ID		INT PRIMARY KEY,
		BUILDING_NAME	VARCHAR(40) NOT NULL,
		LATITUDE		VARCHAR(40) NOT NULL,
		LONGITUDE		VARCHAR(40) NOT NULL,
		IS_ACTIVE		BIT NOT NULL,
		CREATED_DATE	DATETIME NOT NULL,
		UPDATED_DATE	DATETIME NOT NULL
	);

/*
	ROOM table: contains info regarding a room that belongs to a specific building 
*/
CREATE TABLE CAMP.ROOM
	(
		ROOM_ID			INT PRIMARY KEY,
		ROOM_NAME		VARCHAR(40) NOT NULL,
		PHONE			VARCHAR(40) NULL,
		BUILDING_ID		INT FOREIGN KEY REFERENCES CAMP.BUILDING(BUILDING_ID),
		IS_ACTIVE		BIT NOT NULL,
		CREATED_DATE	DATETIME NOT NULL,
		UPDATED_DATE	DATETIME NOT NULL
	);

/*
  CLASS table: contains info regarding a specific class
*/
CREATE TABLE CAMP.CLASS
	(
		CLASS_ID		INT PRIMARY KEY,
		CLASS_NAME		VARCHAR(40) NOT NULL,
		IS_ACTIVE		BIT NOT NULL,
		CREATED_DATE	DATETIME NOT NULL,
		UPDATED_DATE	DATETIME NOT NULL
	);

/*
   PAYMENT_STATUS table: contains status for a specific payment 
   Status: paid, or not paid
*/
CREATE TABLE CAMP.PAYMENT_STATUS
	(
	    PAYMENT_STATUS_ID	TINYINT PRIMARY KEY,
	    PAYMENT_STATUS		VARCHAR(40) NOT NULL,
		IS_ACTIVE			BIT NOT NULL,
		CREATED_DATE		DATETIME NOT NULL,
		UPDATED_DATE		DATETIME NOT NULL
	);

/*
   MAP_STUDENT_PAYMENT: an intermediary table to map students to their payments for the camp
*/
	CREATE TABLE CAMP.MAP_STUDENT_PAYMENT
		( 
			 STUDENT_ID			INT FOREIGN KEY REFERENCES CAMP.STUDENT(STUDENT_ID),
			 PAYMENT_STATUS_ID	TINYINT FOREIGN KEY REFERENCES CAMP.PAYMENT_STATUS(PAYMENT_STATUS_ID),
		     PAYMENT_DATE		DATE NULL,
			 PAYMENT_DUE_DATE	DATE  NOT NULL,
			 CAMP_YEAR			CHAR(4) NOT NULL,
			 CREATED_DATE		DATETIME NOT NULL,
			 UPDATED_DATE		DATETIME NOT NULL,
			 PRIMARY KEY (STUDENT_ID, PAYMENT_STATUS_ID, CAMP_YEAR)
		);

/*
   PERMISSION_TYPE table: contains possible permission status related to activities in the camp area

   Permissions: permission to leave camp early, permission to drive to and from camp, 
   permission to share photos on social media, permission to leave camp with other parents, 
   permission to go off camp areas
*/
CREATE TABLE CAMP.PERMISSION_TYPE
	(
	    PERMISSION_TYPE_ID	    INT PRIMARY KEY,
	    PERMISSION_TYPE         VARCHAR(40) NOT NULL,
		PERMISSION_TYPE_DESC    VARCHAR(255) NOT NULL,
		IS_ACTIVE				BIT NOT NULL,
		CREATED_DATE			DATETIME NOT NULL,
		UPDATED_DATE			DATETIME NOT NULL
	);

/*
   RELEASE_TYPE: table contains possible release status that would allow 
   camp staffers to take actions in case of a medical emergency

   Status can be: consent to release, exception to release, non-consent to release
*/
CREATE TABLE CAMP.RELEASE_TYPE
	(
	    RELEASE_TYPE_ID			INT PRIMARY KEY,
		RELEASE_TYPE			VARCHAR(40) NOT NULL,
	    RELEASE_TYPE_DESC		VARCHAR(255) NOT NULL,
		IS_ACTIVE				BIT NOT NULL,
		CREATED_DATE			DATETIME NOT NULL,
		UPDATED_DATE			DATETIME NOT NULL
	);


/*
   MAP_STUDENT_PERMISSION: an intermediary table to map students to allowed permissions
*/
CREATE TABLE CAMP.MAP_STUDENT_PERMISSION
	(
	    STUDENT_ID				INT FOREIGN KEY REFERENCES CAMP.STUDENT(STUDENT_ID),
	    PERMISSION_TYPE_ID		INT FOREIGN KEY REFERENCES CAMP.PERMISSION_TYPE(PERMISSION_TYPE_ID),
		PERMISSION_START_DATE	DATE NOT NULL,
		PERMISSION_END_DATE		DATE NULL,
		CREATED_DATE			DATETIME NOT NULL,
		UPDATED_DATE			DATETIME NOT NULL,
		PRIMARY KEY (STUDENT_ID, PERMISSION_TYPE_ID, PERMISSION_START_DATE)
	);

/*
  MAP_STUDENT_RELEASE: an intermediary table to map students to the release allowed by their parents
*/
CREATE TABLE CAMP.MAP_STUDENT_RELEASE
	(
	    STUDENT_ID		          INT FOREIGN KEY REFERENCES CAMP.STUDENT(STUDENT_ID),
	    RELEASE_TYPE_ID			  INT FOREIGN KEY REFERENCES CAMP.RELEASE_TYPE(RELEASE_TYPE_ID),
		RELEASE_START_DATE        DATE NOT NULL,
		RELEASE_END_DATE          DATE NULL,
		CREATED_DATE			  DATETIME NOT NULL,
		UPDATED_DATE			  DATETIME NOT NULL,
		PRIMARY KEY (STUDENT_ID, RELEASE_TYPE_ID, RELEASE_START_DATE)
	);

/*
	SCHEDULE table: contains the clss activities for a specic date for the Summer camp
*/

CREATE TABLE CAMP.SCHEDULE
	(
		SCHEDULE_ID		INT PRIMARY KEY,
		CLASS_ID		INT FOREIGN KEY REFERENCES CAMP.CLASS(CLASS_ID),
		ROOM_ID			INT FOREIGN KEY REFERENCES CAMP.ROOM(ROOM_ID),
		STAFF_ID		INT FOREIGN KEY REFERENCES CAMP.STAFF(STAFF_ID),
		CLASS_DATE		DATE NOT NULL,
		START_TIME		TIME NOT NULL,
		END_TIME		TIME NOT NULL,
		IS_ACTIVE		BIT NOT NULL,
		CREATED_DATE	DATETIME NOT NULL,
		UPDATED_DATE	DATETIME NOT NULL,
		UNIQUE (CLASS_ID, CLASS_DATE, START_TIME)
	);

/*
   STUDENT_SCHEDULE table:  an intermediary table for students that are assigned to one more classes
*/
CREATE TABLE CAMP.STUDENT_SCHEDULE
	(
		STUDENT_ID		INT FOREIGN KEY REFERENCES CAMP.STUDENT(STUDENT_ID),
		SCHEDULE_ID		INT FOREIGN KEY REFERENCES CAMP.SCHEDULE(SCHEDULE_ID),
		PRIMARY KEY (STUDENT_ID, SCHEDULE_ID)
	);

GO

/*
	NOTIFICATIONS table: contains the notifications based off of schedule for the Summer camp
*/
GO
CREATE TABLE CAMP.NOTIFICATIONS
(
NOTIFICATION_ID	INT NOT NULL IDENTITY(1,1) PRIMARY KEY, 
SCHEDULE_ID	INT NOT NULL FOREIGN KEY REFERENCES CAMP.[SCHEDULE]([SCHEDULE_ID]),
NOTIFY_STATUS	BIT NOT NULL,
CREATED_DATE	DATETIME NOT NULL 
);

GO

/*
	ROLE_AUTHORIZATION table: contains the roles and the objects they have permission to access
*/
CREATE TABLE CAMP.ROLE_AUTHORIZATION
	(
		ROLE_ID			INT NOT NULL,
		[OBJECT_NAME]	VARCHAR(255) NOT NULL,
		IS_ACTIVE		BIT NOT NULL,
		CREATED_DATE	DATETIME NOT NULL,
		UPDATED_DATE	DATETIME NOT NULL,
		CONSTRAINT [PK_CAMP.ROLE_AUTHORIZATION] PRIMARY KEY CLUSTERED 
			(
				ROLE_ID ASC,
				[OBJECT_NAME] ASC
			)WITH (PAD_INDEX = OFF, STATISTICS_NORECOMPUTE = OFF, IGNORE_DUP_KEY = OFF, ALLOW_ROW_LOCKS = ON, ALLOW_PAGE_LOCKS = ON) ON [PRIMARY]
					) ON [PRIMARY]

GO

SET ANSI_PADDING OFF
GO

ALTER TABLE CAMP.ROLE_AUTHORIZATION WITH CHECK ADD FOREIGN KEY (ROLE_ID) REFERENCES CAMP.ROLES (ROLE_ID)
GO

/*
This section of the script populates CAMP.ROLES table
*/
INSERT INTO CAMP.ROLES(ROLE_ID, ROLE_NAME, IS_ACTIVE, CREATED_DATE, UPDATED_DATE) 
VALUES	(1, 'administrator', 1, '2017-03-01 09:00:00', '2017-03-01 09:00:00'), (2, 'instructor', 1, '2017-03-01 09:00:00', '2017-03-01 09:00:00'), 
		(3, 'work crews', 1, '2017-03-01 09:00:00', '2017-03-01 09:00:00'),(4, 'parent', 1, '2017-03-01 09:00:00', '2017-03-01 09:00:00'), 
		(5, 'student', 1, '2017-03-01 09:00:00', '2017-03-01 09:00:00');

GO

/*
This section of the script populates CAMP.USER table
*/
INSERT INTO CAMP.[USER]([USER_ID], [PWD],[UID] ,[FIRST_NAME],[LAST_NAME] ,[IS_ACTIVE],[CREATED_DATE],[UPDATED_DATE])
VALUES  (1,'password1', '1F9619FF-8B86-D011-B42D-00C04FC964FF','Sam', 'Mae', 1, '2017-11-01 09:00:00', '2017-11-01 09:00:00'),
        (2,'password2', '2F9619FF-8B86-D011-B42D-00C04FC964FF' ,'Jack', 'Paul', 1, '2017-11-01 09:00:00', '2017-11-01 09:00:00'),
        (3,'password3', '3F9619FF-8B86-D011-B42D-00C04FC964FF','Matt', 'Joe', 1, '2017-11-01 09:00:00', '2017-11-01 09:00:00'),
	    (4,'password4', '4F9619FF-8B86-D011-B42D-00C04FC964FF','Anne', 'Anderson', 1, '2017-11-01 09:00:00', '2017-11-01 09:00:00'),
	    (5,'password5', '5F9619FF-8B86-D011-B42D-00C04FC964FF','Paul', 'Smith', 1, '2017-11-01 09:00:00', '2017-11-01 09:00:00'),
		(6,'password6', '6F9619FF-8B86-D011-B42D-00C04FC964FF', 'Frank', 'Lynn', 1, '2017-11-01 09:00:00', '2017-11-01 09:00:00'),
		(7,'password7', '7F9619FF-8B86-D011-B42D-00C04FC964FF','Hillary', 'Clinton', 1, '2017-11-01 09:00:00', '2017-11-01 09:00:00'),
		(8,'password8', '8F9619FF-8B86-D011-B42D-00C04FC964FF','Joe', 'Coffee', 1, '2017-11-01 09:00:00', '2017-11-01 09:00:00'),
		(9,'password9', '9F9619FF-8B86-D011-B42D-00C04FC964FF','Gladis', 'Night', 1, '2017-11-01 09:00:00', '2017-11-01 09:00:00'),
		(10,'password10', '109619FF-8B86-D011-B42D-00C04FC964FF','Clay', 'Walker', 1, '2017-11-01 09:00:00', '2017-11-01 09:00:00'),
		(11,'password11', '119619FF-8B86-D011-B42D-00C04FC964FF','Sal', 'Mae', 1, '2017-11-01 09:00:00', '2017-11-01 09:00:00'),
		(21,'password21', '219619FF-8B86-D011-B42D-00C04FC964FF','Jeff', 'Mae', 1, '2017-11-01 09:00:00', '2017-11-01 09:00:00'),
		(22,'password22', '229619FF-8B86-D011-B42D-00C04FC964FF','Rand', 'Paul', 1, '2017-11-01 09:00:00', '2017-11-01 09:00:00'),
		(23,'password23', '239619FF-8B86-D011-B42D-00C04FC964FF','Cool', 'Joe', 1, '2017-11-01 09:00:00', '2017-11-01 09:00:00'),
		(24,'password24', '249619FF-8B86-D011-B42D-00C04FC964FF','Mike', 'Anderson', 1, '2017-11-01 09:00:00', '2017-11-01 09:00:00'),
		(25,'password25', '259619FF-8B86-D011-B42D-00C04FC964FF','Will', 'Smith', 1, '2017-11-01 09:00:00', '2017-11-01 09:00:00'),
		(26,'password26', '269619FF-8B86-D011-B42D-00C04FC964FF','Sue', 'Lynn', 1, '2017-11-01 09:00:00', '2017-11-01 09:00:00'),
		(27,'password27', '279619FF-8B86-D011-B42D-00C04FC964FF','Bernie', 'Trump', 1, '2017-11-01 09:00:00', '2017-11-01 09:00:00'),
		(28,'password28', '289619FF-8B86-D011-B42D-00C04FC964FF','Chuck', 'Coffee', 1, '2017-11-01 09:00:00', '2017-11-01 09:00:00'),
		(29,'password29', '299619FF-8B86-D011-B42D-00C04FC964FF','Fred', 'Night', 1, '2017-11-01 09:00:00', '2017-11-01 09:00:00'),
		(30,'password30', '309619FF-8B86-D011-B42D-00C04FC964FF','Mary', 'Walker', 1, '2017-11-01 09:00:00', '2017-11-01 09:00:00'),
		(41,'password41', '419619FF-8B86-D011-B42D-00C04FC964FF', 'Jefferson', 'King', 1, '2017-03-01 09:00:00', '2017-03-01 09:00:00'),
		(42,'password42', '429619FF-8B86-D011-B42D-00C04FC964FF', 'Ray', 'Queen', 1, '2017-01-03 09:00:00', '2017-03-01 09:00:00'),
		(43,'password43', '439619FF-8B86-D011-B42D-00C04FC964FF', 'Cory', 'Bishop', 1, '2017-03-01 09:00:00', '2017-03-01 09:00:00'),
		(44,'password44', '449619FF-8B86-D011-B42D-00C04FC964FF', 'Mort', 'Knight', 0, '2017-03-01 09:00:00', '2017-11-01 09:00:00'),
		(45,'password45', '459619FF-8B86-D011-B42D-00C04FC964FF', 'Walter', 'Rook', 0, '2017-03-01 09:00:00', '2017-11-01 09:00:00'),
		(51,'password51', '519619FF-8B86-D011-B42D-00C04FC964FF', 'Susan', 'Castle', 0, '2017-03-01 09:00:00', '2017-12-14 09:00:00'),
		(52,'password52', '529619FF-8B86-D011-B42D-00C04FC964FF', 'Betty', 'Pawn', 1, '2017-03-01 09:00:00', '2017-03-01 09:00:00'),
		(53,'password53', '539619FF-8B86-D011-B42D-00C04FC964FF', 'Chance', 'Checker', 1, '2017-03-01 09:00:00', '2017-03-01 09:00:00'),
		(54,'password54', '549619FF-8B86-D011-B42D-00C04FC964FF', 'Nate', 'Chess',  1, '2017-03-01 09:00:00', '2017-03-01 09:00:00'),
		(55,'password55', '559619FF-8B86-D011-B42D-00C04FC964FF', 'Maple', 'Ladder', 1, '2017-03-01 09:00:00', '2017-03-01 09:00:00'),
		(512,'password512', '559619FF-9B87-D011-B42D-00C04FC964FF', 'Anuj', 'Joshi', 1, '2017-12-14 09:00:00', '2017-12-14 09:00:00'),
		(545,'password545', '559619FF-0B87-D011-B42D-00C04FC964FF', 'Robert', 'Marshall', 1, '2017-12-14 09:00:00', '2017-12-14 09:00:00'),
		(546,'password546', '559619FF-1B87-D011-B42D-00C04FC964FF', 'Roberta', 'Marshall', 1, '2017-12-14 09:00:00', '2017-12-14 09:00:00'),
        (502,'password502', '2F9619FF-8B87-D011-B42D-00C04FC964FF', 'Noah', 'Kelly', 0, '2017-03-01 09:00:00', '2017-03-01 09:00:00'),
        (503,'password503', '3F9619FF-8B87-D011-B42D-00C04FC964FF', 'Emma', 'Mason', 0, '2017-03-01 09:00:00', '2017-03-01 09:00:00'),
	    (504,'password504', '4F9619FF-8B87-D011-B42D-00C04FC964FF', 'Olivia', 'Brock', 0, '2017-03-01 09:00:00', '2017-03-01 09:00:00'),
	    (505,'password505', '5F9619FF-8B87-D011-B42D-00C04FC964FF', 'Jacob', 'Kent', 0, '2017-03-01 09:00:00', '2017-03-01 09:00:00'),
		(506,'password506', '6F9619FF-8B87-D011-B42D-00C04FC964FF', 'Ava', 'Lester', 0, '2017-03-01 09:00:00', '2017-03-01 09:00:00'),
		(507,'password507', '7F9619FF-8B87-D011-B42D-00C04FC964FF', 'Ethan', 'Jones', 0, '2017-03-01 09:00:00', '2017-03-01 09:00:00'),
		(508,'password508', '8F9619FF-8B87-D011-B42D-00C04FC964FF', 'Mia', 'Tea', 0, '2017-03-01 09:00:00', '2017-03-01 09:00:00'),
		(509,'password509', '9F9619FF-8B87-D011-B42D-00C04FC964FF', 'Alex', 'Light', 0, '2017-03-01 09:00:00', '2017-03-01 09:00:00'),
		(510,'password510', '109619FF-8B87-D011-B42D-00C04FC964FF', 'Sophia', 'Mills', 0, '2017-03-01 09:00:00', '2017-03-01 09:00:00'),
		(522,'password522', '229619FF-8B85-D011-B42D-00C04FC964FF', 'Jackson', 'Kelly', 0, '2017-03-01 09:00:00', '2017-03-01 09:00:00'),
		(523,'password523', '239619FF-8B85-D011-B42D-00C04FC964FF', 'Matt', 'Mason', 0, '2017-03-01 09:00:00', '2017-03-01 09:00:00'),
		(524,'password524', '249619FF-8B85-D011-B42D-00C04FC964FF', 'Dan', 'Brock', 0, '2017-03-01 09:00:00', '2017-03-01 09:00:00'),
		(525,'password525', '259619FF-8B85-D011-B42D-00C04FC964FF', 'Logan', 'Kent', 0, '2017-03-01 09:00:00', '2017-03-01 09:00:00'),
		(526,'password526', '269619FF-8B85-D011-B42D-00C04FC964FF', 'Harper', 'Lester', 0, '2017-03-01 09:00:00', '2017-03-01 09:00:00'),
		(527,'password527', '279619FF-8B85-D011-B42D-00C04FC964FF', 'Lucas', 'Jones', 0, '2017-03-01 09:00:00', '2017-03-01 09:00:00'),
		(528,'password528', '289619FF-8B85-D011-B42D-00C04FC964FF', 'Avery', 'Tea', 0, '2017-03-01 09:00:00', '2017-03-01 09:00:00'),
		(529,'password529', '299619FF-8B85-D011-B42D-00C04FC964FF', 'Ella', 'Light', 0, '2017-03-01 09:00:00', '2017-03-01 09:00:00'),
		(530,'password530', '309619FF-8B85-D011-B42D-00C04FC964FF', 'Eva', 'Mills', 0, '2017-03-01 09:00:00', '2017-03-01 09:00:00');
		

GO

/*
This section of the script populates CAMP.MAP_USER_ROLE table
*/
INSERT INTO CAMP.MAP_USER_ROLE ([USER_ID],[ROLE_ID],[CREATED_DATE])
VALUES  (00001, 5, '2017-03-01 09:00:00'), (00002, 5, '2017-11-01 09:00:00'), (00003, 5, '2017-11-01 09:00:00'), (00004, 5, '2017-11-01 09:00:00'),
		(00005, 5, '2017-11-01 09:00:00'), (00006, 5, '2017-11-01 09:00:00'), (00007, 5, '2017-11-01 09:00:00'), (00008, 5, '2017-11-01 09:00:00'),
		(00009, 5, '2017-11-01 09:00:00'), (00010, 5, '2017-11-01 09:00:00'), (00011, 5, '2017-03-01 09:00:00'), (00021, 4, '2017-03-01 09:00:00'),
		(00022, 4, '2017-11-01 09:00:00'), (00023, 4, '2017-11-01 09:00:00'), (00024, 4, '2017-11-01 09:00:00'), (00025, 4, '2017-11-01 09:00:00'),
		(00026, 4, '2017-11-01 09:00:00'), (00027, 4, '2017-11-01 09:00:00'), (00028, 4, '2017-11-01 09:00:00'), (00029, 4, '2017-11-01 09:00:00'),
		(00030, 4, '2017-11-01 09:00:00'), (00041, 1, '2017-03-01 09:00:00'), (00042, 1, '2017-03-01 09:00:00'), (00043, 1, '2017-03-01 09:00:00'),
		(00044, 1, '2017-03-01 09:00:00'), (00045, 3, '2017-03-01 09:00:00'), (00051, 2, '2017-03-01 09:00:00'), (00052, 2, '2017-03-01 09:00:00'),
		(00053, 2, '2017-03-01 09:00:00'), (00054, 2, '2017-03-01 09:00:00'), (00055, 2, '2017-03-01 09:00:00'), (000512, 2, '2017-12-14 13:00:00'),
		(00545, 3, '2017-12-14 13:00:00'), (00546, 2, '2017-12-14 13:00:00'), (00502, 5, '2017-03-01 09:00:00'), (00503, 5, '2017-03-01 09:00:00'),
		(00504, 5, '2017-03-01 09:00:00'), (00505, 5, '2017-03-01 09:00:00'), (00506, 5, '2017-03-01 09:00:00'), (00507, 5, '2017-03-01 09:00:00'),
		(00508, 5, '2017-03-01 09:00:00'), (00509, 5, '2017-03-01 09:00:00'), (00510, 5, '2017-03-01 09:00:00'), (00522, 4, '2017-03-01 09:00:00'),
		(00523, 4, '2017-03-01 09:00:00'), (00524, 4, '2017-03-01 09:00:00'), (00525, 4, '2017-03-01 09:00:00'), (00526, 4, '2017-03-01 09:00:00'),
		(00527, 4, '2017-03-01 09:00:00'), (00528, 4, '2017-03-01 09:00:00'), (00529, 4, '2017-03-01 09:00:00'), (00530, 4, '2017-03-01 09:00:00');
		
GO

/*
This section of the script populates CAMP.PARENT table
*/	
INSERT INTO CAMP.PARENT([PARENT_ID],[EMERGENCY_PHONE_NUMBER],[CREATED_DATE] ,[UPDATED_DATE])
VALUES (00021, '(123) 123-4999', '2017-03-01 09:00:00', '2017-03-01 09:00:00'), (00022, '(123) 123-4000', '2017-11-01 09:00:00', '2017-11-01 09:00:00'),
	   (00023, '(123) 123-4001', '2017-11-01 09:00:00', '2017-11-01 09:00:00'), (00024, '(123) 123-4522', '2017-11-01 09:00:00', '2017-11-01 09:00:00'),
	   (00025, '(123) 123-4533', '2017-11-01 09:00:00', '2017-11-01 09:00:00'), (00026, '(123) 123-4588', '2017-11-01 09:00:00', '2017-11-01 09:00:00'),
	   (00027, '(123) 123-4776', '2017-11-01 09:00:00', '2017-11-01 09:00:00'), (00028, '(123) 123-4912', '2017-11-01 09:00:00', '2017-11-01 09:00:00'),
	   (00029, '(123) 123-4639', '2017-11-01 09:00:00', '2017-11-01 09:00:00'), (00030, '(123) 123-4555', '2017-11-01 09:00:00', '2017-11-01 09:00:00'),
	   (00522, '(123) 123-4225', '2017-03-01 09:00:00', '2017-03-01 09:00:00'), (00523, '(113) 123-9925', '2017-03-01 09:00:00', '2017-03-01 09:00:00'),
	   (00524, '(123) 123-6625', '2017-03-01 09:00:00', '2017-03-01 09:00:00'), (00525, '(128) 123-4225', '2017-03-01 09:00:00', '2017-03-01 09:00:00'),
	   (00526, '(163) 123-4225', '2017-03-01 09:00:00', '2017-03-01 09:00:00'), (00527, '(239) 123-4225', '2017-03-01 09:00:00', '2017-03-01 09:00:00'),
	   (00528,' (173) 123-4225', '2017-03-01 09:00:00', '2017-03-01 09:00:00'), (00529, '(123) 123-0225', '2017-03-01 09:00:00', '2017-03-01 09:00:00'),
	   (00530,' (113) 123-4225', '2017-03-01 09:00:00', '2017-03-01 09:00:00');

GO

/*
This section of the script populates CAMP.STUDENT table
*/
INSERT INTO CAMP.STUDENT([STUDENT_ID],[DATE_OF_BIRTH],[PRIMARY_PARENT_ID],[SECONDARY_PARENT_ID],[CREATED_DATE],[UPDATED_DATE])
VALUES 	(1, '2007-01-01', 21, NULL, '2017-11-01 09:00:00', '2017-11-01 09:00:00'), (2, '2007-02-02', 22, NULL, '2017-11-01 09:00:00', '2017-11-01 09:00:00'),
	    (3, '2007-03-03', 23, NULL, '2017-11-01 09:00:00', '2017-11-01 09:00:00'), (4, '2007-04-04', 24, NULL, '2017-11-01 09:00:00', '2017-11-01 09:00:00'),
	    (5, '2007-05-05', 25, NULL, '2017-11-01 09:00:00', '2017-11-01 09:00:00'), (6, '2007-06-06', 26, NULL, '2017-11-01 09:00:00', '2017-11-01 09:00:00'),
	    (7, '2007-07-07', 27, NULL, '2017-11-01 09:00:00', '2017-11-01 09:00:00'), (8, '2006-08-08', 28, NULL, '2017-11-01 09:00:00', '2017-11-01 09:00:00'),
	    (9, '2006-09-09', 29, NULL, '2017-11-01 09:00:00', '2017-11-01 09:00:00'), (10, '2006-10-10', 30, NULL, '2017-11-01 09:00:00', '2017-11-01 09:00:00'),
	    (11, '2007-01-01', 21, NULL, '2017-11-01 09:00:00', '2017-11-01 09:00:00'), (502, '2007-12-02', 522, NULL, '2017-03-01 09:00:00', '2017-03-01 09:00:00'),
	    (503, '2007-03-13', 523, NULL, '2017-03-01 09:00:00', '2017-03-01 09:00:00'), (504, '2007-04-14', 524, NULL, '2017-03-01 09:00:00', '2017-03-01 09:00:00'),
	    (505, '2007-05-15', 525, NULL, '2017-03-01 09:00:00', '2017-03-01 09:00:00'), (506, '2007-06-16', 526, NULL, '2017-03-01 09:00:00', '2017-03-01 09:00:00'),
	    (507, '2007-07-17', 527, NULL, '2017-03-01 09:00:00', '2017-03-01 09:00:00'), (508, '2006-08-18', 528, NULL, '2017-03-01 09:00:00', '2017-03-01 09:00:00'),
	    (509, '2006-09-19', 529, NULL, '2017-03-01 09:00:00', '2017-03-01 09:00:00'), (510, '2006-11-10', 530, NULL, '2017-03-01 09:00:00', '2017-03-01 09:00:00');

GO

/*
This section of the script populates CAMP.STAFF table
*/
INSERT INTO CAMP.STAFF([STAFF_ID],[PHONE],[START_DATE],[END_DATE],[CREATED_DATE],[UPDATED_DATE])
VALUES	(00041, '(123) 123-4999', '2014-01-21', NULL, '2017-03-01 09:00:00', '2017-03-01 09:00:00'),
		(00042, '(123) 123-4000', '2012-03-10', NULL, '2017-03-01 09:00:00', '2017-03-01 09:00:00'),
		(00043, '(123) 123-4001', '2013-05-01', NULL, '2017-03-01 09:00:00', '2017-03-01 09:00:00'),
		(00044, '(123) 123-4522', '2015-06-17', '2017-04-04', '2017-03-01 09:00:00', '2017-04-04 09:00:00'),
		(00045, '(123) 123-4533', '2016-11-11', '2017-04-05', '2017-03-01 09:00:00', '2015-04-05 09:00:00'),
		(00051, '(123) 123-4588', '2017-01-04', '2017-12-14', '2017-03-01 09:00:00', '2017-12-14 13:00:00'),
		(00052, '(123) 123-4776', '2012-02-28', NULL, '2017-03-01 09:00:00', '2017-03-01 09:00:00'),
		(00053, '(123) 123-4912', '2017-01-15', NULL, '2017-03-01 09:00:00', '2017-03-01 09:00:00'),
		(00054, '(123) 123-4639', '2012-12-03', NULL, '2017-03-01 09:00:00', '2017-03-01 09:00:00'),
		(00055, '(123) 123-4555', '2016-10-23', NULL, '2017-03-01 09:00:00', '2017-03-01 09:00:00'),
		(00512, '(805) 512-4588', '2017-12-14', NULL, '2017-12-14 13:00:00', '2017-12-14 13:00:00'),
		(00545, '(805) 512-4000', '2017-12-14', NULL, '2017-12-14 13:00:00', '2017-12-14 13:00:00'),
		(00546, '(805) 512-4000', '2017-12-14', NULL, '2017-12-14 13:00:00', '2017-12-14 13:00:00');

GO

/*
This section of the script populates CAMP.BUILDING table
*/
INSERT INTO CAMP.BUILDING([BUILDING_ID],[BUILDING_NAME],[LATITUDE],[LONGITUDE],[IS_ACTIVE],[CREATED_DATE],[UPDATED_DATE])
VALUES  (100, 'Red Barn', 47.537500, -122.129441, 1,'2017-03-01 09:00:00', '2017-03-01 09:00:00'),(200, 'White Castle',47.537217, -122.129323, 1,'2017-03-01 09:00:00', '2017-03-01 09:00:00'),
		(300, 'Green House',47.537181, -122.129495, 1,'2017-03-01 09:00:00', '2017-03-01 09:00:00'),(400,'Blue Shed', 47.536652, -122.130214, 1,'2017-03-01 09:00:00', '2017-03-01 09:00:00'),
		(500,'Pink Tower', 47.536497, -122.130278, 1,'2017-03-01 09:00:00', '2017-03-01 09:00:00'),(600,'Brown Shrine', 47.536334, -122.129989, 0,'2017-03-01 09:00:00', '2017-11-01 09:00:00'),
		(700,'Black Temple', 47.536377, -122.129828, 0,'2017-03-01 09:00:00', '2017-11-01 09:00:00'),(800,'Purple Cellar', 47.536308, -122.129592, 0,'2017-03-01 09:00:00', '2017-11-01 09:00:00'),
		(900,'Aqua Stable', 47.537109, -122.127435, 0,'2017-03-01 09:00:00', '2017-11-01 09:00:00'),(1000,'Yellow Arcade', 47.537496, -122.127277, 0,'2017-03-01 09:00:00', '2017-11-01 09:00:00'),
		(1001,'Violet Hall', 47.537940, -122.127196, 0,'2017-03-01 09:00:00', '2017-11-01 09:00:00');

GO

/*
This section of the script populates CAMP.ROOM table
*/
INSERT INTO CAMP.ROOM([ROOM_ID],[ROOM_NAME],[PHONE],[BUILDING_ID],[IS_ACTIVE],[CREATED_DATE],[UPDATED_DATE])
VALUES  (1, 'Red A', '(123) 123-4501', 100, 1,'2017-03-01 09:00:00', '2017-03-01 09:00:00'),(2, 'Red B', '(123) 123-4502', 100, 1,'2017-03-01 09:00:00', '2017-03-01 09:00:00'),
		(3, 'White A', '(123) 123-4503', 200, 1,'2017-03-01 09:00:00', '2017-03-01 09:00:00'),(4, 'White B', '(123) 123-4504', 200, 1,'2017-03-01 09:00:00', '2017-03-01 09:00:00'),
		(5, 'Green A', '(123) 123-4505', 300, 1,'2017-03-01 09:00:00', '2017-03-01 09:00:00'),(6, 'Green B', '(123) 123-4506', 300, 1,'2017-03-01 09:00:00', '2017-03-01 09:00:00'),
		(7, 'Blue A', '(123) 123-4507', 400, 1,'2017-03-01 09:00:00', '2017-03-01 09:00:00'),(8, 'Blue B', '(123) 123-4508', 400, 1,'2017-03-01 09:00:00', '2017-03-01 09:00:00'),
		(9, 'Pink A', '(123) 123-4509', 500, 1,'2017-03-01 09:00:00', '2017-03-01 09:00:00'),(10, 'Pink B', '(123) 123-4510', 500, 1,'2017-03-01 09:00:00', '2017-03-01 09:00:00');

GO


/*
This section of the script populates CAMP.CLASS table
*/
INSERT INTO CAMP.CLASS([CLASS_ID],[CLASS_NAME],[IS_ACTIVE], [CREATED_DATE], UPDATED_DATE)
VALUES  (1, 'Animals', 1,'2017-03-01 09:00:00', '2017-03-01 09:00:00'),(2, 'Insects', 1,'2017-03-01 09:00:00', '2017-03-01 09:00:00'),
		(3, 'Plants', 1,'2017-03-01 09:00:00', '2017-03-01 09:00:00'),(4, 'Trees', 1,'2017-03-01 09:00:00', '2017-03-01 09:00:00'),
		(5, 'Survival', 1,'2017-03-01 09:00:00', '2017-03-01 09:00:00'),(6, 'Reptiles', 1,'2017-03-01 09:00:00', '2017-03-01 09:00:00'),
		(7, 'Canoe', 1,'2017-03-01 09:00:00', '2017-03-01 09:00:00'),(8, 'First Aid', 1,'2017-03-01 09:00:00', '2017-03-01 09:00:00'),
		(9, 'Shelter', 1,'2017-03-01 09:00:00', '2017-03-01 09:00:00'),(10, 'Basket Weaving', 1,'2017-03-01 09:00:00', '2017-03-01 09:00:00');

GO

/*
This section of the script populates CAMP.PAYMENT_STATUS table
*/
INSERT INTO CAMP.PAYMENT_STATUS([PAYMENT_STATUS_ID],[PAYMENT_STATUS], [IS_ACTIVE], [CREATED_DATE],[UPDATED_DATE]) 
VALUES  (1, 'paid', 1,'2017-03-01 09:00:00', '2017-03-01 09:00:00'),(2, 'not paid', 1,'2017-03-01 09:00:00', '2017-03-01 09:00:00');

GO

/*
This section of the script populates CAMP.MAP_STUDENT_PAYMENT table
*/
INSERT INTO CAMP.MAP_STUDENT_PAYMENT([STUDENT_ID],[PAYMENT_STATUS_ID],[PAYMENT_DATE],[PAYMENT_DUE_DATE],[CAMP_YEAR], [CREATED_DATE], [UPDATED_DATE])
VALUES  (1, 1, '2017-11-11', '2017-12-01', 2018,'2017-11-01 09:00:00', '2017-11-11 09:00:00'),
		(2, 1, '2017-11-21', '2017-12-01', 2018,'2017-11-01 09:00:00', '2017-11-21 09:00:00'),
		(3, 1, '2017-11-13', '2017-12-01', 2018,'2017-11-01 09:00:00', '2017-11-13 09:00:00'),
		(4, 1, '2017-11-18', '2017-12-01', 2018,'2017-11-01 09:00:00', '2017-11-18 09:00:00'),
		(5, 1, '2017-11-19', '2017-12-01', 2018,'2017-11-01 09:00:00', '2017-11-19 09:00:00'),
		(6, 1, '2017-11-22', '2017-12-01', 2018,'2017-11-01 09:00:00', '2017-11-22 09:00:00'),
		(7, 1, '2017-11-19', '2017-12-01', 2018,'2017-11-01 09:00:00', '2017-11-19 09:00:00'),
		(8, 1, '2017-11-09', '2017-12-01', 2018,'2017-11-01 09:00:00', '2017-11-09 09:00:00'),
		(9, 2, NULL, '2017-12-01', 2018,'2017-11-01 09:00:00', '2017-11-01 09:00:00'),
		(10, 2, NULL, '2017-12-01', 2018,'2017-11-01 09:00:00', '2017-11-01 09:00:00'),
		(11, 1, '2017-11-01', '2017-12-01', 2018,'2017-11-01 09:00:00', '2017-11-01 09:00:00'),
		(1, 1, '2017-03-11', '2017-04-01', 2017,'2017-03-01 09:00:00', '2017-03-11 09:00:00'),
		(502, 1, '2017-03-21', '2017-04-01', 2017,'2017-03-01 09:00:00', '2017-03-21 09:00:00'),
		(503, 1, '2017-03-13', '2017-04-01', 2017,'2017-03-01 09:00:00', '2017-03-13 09:00:00'),
		(504, 1, '2017-03-18', '2017-04-01', 2017,'2017-03-01 09:00:00', '2017-03-18 09:00:00'),
		(505, 1, '2017-03-19', '2017-04-01', 2017,'2017-03-01 09:00:00', '2017-03-19 09:00:00'),
		(506, 1, '2017-03-22', '2017-04-01', 2017,'2017-03-01 09:00:00', '2017-03-22 09:00:00'),
		(507, 1, '2017-03-19', '2017-04-01', 2017,'2017-03-01 09:00:00', '2017-03-19 09:00:00'),
		(508, 1, '2017-03-09', '2017-04-01', 2017,'2017-03-01 09:00:00', '2017-03-09 09:00:00'),
		(509, 1, '2017-03-19', '2017-04-01', 2017,'2017-03-01 09:00:00', '2017-03-19 09:00:00'),
		(510, 1, '2017-03-19', '2017-04-01', 2017,'2017-03-01 09:00:00', '2017-03-19 09:00:00'),
		(11, 1, '2017-03-01', '2017-04-01', 2017,'2017-03-01 09:00:00', '2017-03-01 09:00:00');
GO

/*
This section of the script populates CAMP.PERMISSION_TYPE table
*/
INSERT INTO CAMP.PERMISSION_TYPE([PERMISSION_TYPE_ID],[PERMISSION_TYPE],[PERMISSION_TYPE_DESC],[IS_ACTIVE], [CREATED_DATE], [UPDATED_DATE])
VALUES  (1, 'Leave Early', 'permission to leave camp early', 1,'2017-03-01 09:00:00', '2017-03-01 09:00:00'),
		(2, 'Drive', 'permission to drive to and from camp', 1,'2017-03-01 09:00:00', '2017-03-01 09:00:00'),
		(3, 'Media Share', 'permission to share photos on social media', 1,'2017-03-01 09:00:00', '2017-03-01 09:00:00'),
		(4, 'ALT Parents', 'permission to leave camp with other parents', 1,'2017-03-01 09:00:00', '2017-03-01 09:00:00'),
		(5, 'Off Camp', 'permission to go off camp areas', 1,'2017-03-01 09:00:00', '2017-03-01 09:00:00');

GO

/*
This section of the script populates CAMP.RELEASE_TYPE table
*/
INSERT INTO CAMP.RELEASE_TYPE([RELEASE_TYPE_ID],[RELEASE_TYPE],[RELEASE_TYPE_DESC],[IS_ACTIVE], [CREATED_DATE], [UPDATED_DATE])
VALUES	(1, 'Consent', 'consent to release', 1,'2017-03-01 09:00:00', '2017-03-01 09:00:00'),
		(2, 'Exception', 'exception to release', 1,'2017-03-01 09:00:00', '2017-03-01 09:00:00'),
		(3, 'Non-consent', 'non-consent to release', 1,'2017-03-01 09:00:00', '2017-03-01 09:00:00');

GO

/*
This section of the script populates CAMP.MAP_STUDENT_PERMISSION table
*/
INSERT INTO CAMP.MAP_STUDENT_PERMISSION([STUDENT_ID],[PERMISSION_TYPE_ID],[PERMISSION_START_DATE],[PERMISSION_END_DATE],[CREATED_DATE], [UPDATED_DATE]) 
VALUES  (1, 1, '2018-06-11' , '2018-06-13','2017-11-01 09:00:00', '2017-11-01 09:00:00'),(1, 2, '2018-06-11' , '2018-06-13','2017-11-01 09:00:00', '2017-11-01 09:00:00'),
		(1, 3, '2018-06-11' , '2018-06-15','2017-11-01 09:00:00', '2017-11-01 09:00:00'),(1, 4, '2018-06-11' , '2018-06-15','2017-11-01 09:00:00', '2017-11-01 09:00:00'),
		(1, 5, '2018-06-11' , '2018-06-15','2017-11-01 09:00:00', '2017-11-01 09:00:00'),(2, 5, '2018-06-11' , '2018-06-15','2017-11-01 09:00:00', '2017-11-01 09:00:00'),
		(3, 5, '2018-06-11' , '2018-06-15','2017-11-01 09:00:00', '2017-11-01 09:00:00'),(4, 5, '2018-06-11' , '2018-06-15','2017-11-01 09:00:00', '2017-11-01 09:00:00'),
		(5, 5, '2018-06-11' , '2018-06-15','2017-11-01 09:00:00', '2017-11-01 09:00:00'),(1, 1, '2017-06-12' , '2017-06-15','2017-06-01 09:00:00', '2017-06-01 09:00:00'),
		(1, 2, '2017-06-12' , '2018-06-14','2017-06-01 09:00:00', '2017-06-01 09:00:00'),(1, 3, '2017-06-12' , '2017-06-16','2017-06-01 09:00:00', '2017-06-01 09:00:00'),
		(1, 4, '2017-06-12' , '2018-06-16','2017-06-01 09:00:00', '2017-06-01 09:00:00'),(1, 5, '2017-06-12' , '2017-06-16','2017-06-01 09:00:00', '2017-06-01 09:00:00'),
		(502, 5, '2017-06-12' , '2018-06-16','2017-06-01 09:00:00', '2017-06-01 09:00:00'),(503, 5, '2017-06-12' , '2017-06-16','2017-06-01 09:00:00', '2017-06-01 09:00:00'),
		(504, 5, '2017-06-12' , '2018-06-16','2017-06-01 09:00:00', '2017-06-01 09:00:00'),(505, 5, '2017-06-12' , '2017-06-16','2017-06-01 09:00:00', '2017-06-01 09:00:00');

GO 

/*
This section of the script populates CAMP.MAP_STUDENT_RELEASE table
*/
INSERT INTO CAMP.MAP_STUDENT_RELEASE([STUDENT_ID],[RELEASE_TYPE_ID],[RELEASE_START_DATE],[RELEASE_END_DATE] ,[CREATED_DATE], [UPDATED_DATE]) 
VALUES  (1, 2, '2018-06-11', '2018-06-15','2017-11-01 09:00:00', '2017-11-01 09:00:00'), (2, 1, '2018-06-11', '2018-06-15','2017-11-01 09:00:00', '2017-11-01 09:00:00'),
		(3, 1, '2018-06-11', '2018-06-15','2017-11-01 09:00:00', '2017-11-01 09:00:00'), (4, 3, '2018-06-11', '2018-06-15','2017-11-01 09:00:00', '2017-11-01 09:00:00'),
		(5, 1, '2018-06-11', '2018-06-15','2017-11-01 09:00:00', '2017-11-01 09:00:00'), (6, 1, '2018-06-11', '2018-06-15','2017-11-01 09:00:00', '2017-11-01 09:00:00'),
		(7, 1, '2018-06-11', '2018-06-15','2017-11-01 09:00:00', '2017-11-01 09:00:00'), (8, 1, '2018-06-11', '2018-06-15','2017-11-01 09:00:00', '2017-11-01 09:00:00'),
		(9, 1, '2018-06-11', '2018-06-15','2017-11-01 09:00:00', '2017-11-01 09:00:00'), (10, 1, '2018-06-11', '2018-06-15','2017-11-01 09:00:00', '2017-11-01 09:00:00'),
		(11, 2, '2018-06-11', '2018-06-15', '2017-11-01 09:00:00', '2017-11-01 09:00:00'), (1, 2, '2017-06-12', '2017-06-16','2017-03-01 09:00:00', '2017-03-01 09:00:00'),
		(503, 1, '2017-06-12', '2017-06-16','2017-03-01 09:00:00', '2017-03-01 09:00:00'), (504, 3, '2017-06-12', '2017-06-16','2017-03-01 09:00:00', '2017-03-01 09:00:00'),
		(505, 1, '2017-06-12', '2017-06-16','2017-03-01 09:00:00', '2017-03-01 09:00:00'), (506, 1, '2017-06-12', '2017-06-16','2017-03-01 09:00:00', '2017-03-01 09:00:00'),
		(507, 1, '2017-06-12', '2017-06-16','2017-03-01 09:00:00', '2017-03-01 09:00:00'), (508, 1, '2017-06-12', '2017-06-16','2017-03-01 09:00:00', '2017-03-01 09:00:00'),
		(509, 1, '2017-06-12', '2017-06-16','2017-03-01 09:00:00', '2017-03-01 09:00:00'), (510, 1, '2017-06-12', '2017-06-16','2017-03-01 09:00:00', '2017-03-01 09:00:00'),
		(11, 2, '2017-06-12', '2017-06-16', '2017-03-01 09:00:00', '2017-03-01 09:00:00'), (502, 1, '2017-06-12', '2017-06-16','2017-03-01 09:00:00', '2017-03-01 09:00:00');

GO

/*
This section of the script populates CAMP.SCHEDULE table
*/
INSERT INTO CAMP.SCHEDULE([SCHEDULE_ID],[CLASS_ID],[ROOM_ID],[STAFF_ID],[CLASS_DATE],[START_TIME],[END_TIME], [IS_ACTIVE], [CREATED_DATE], [UPDATED_DATE]) 
VALUES  (51111, 1, 1, 51, '2017-06-12', '09:00:00','12:00:00', 0, '2017-03-01 09:00:00', '2017-03-01 09:00:00'),
		(51112, 2, 2, 52, '2017-06-12', '09:00:00','12:00:00', 0, '2017-03-01 09:00:00', '2017-03-01 09:00:00'),
		(51113, 3, 3, 53, '2017-06-12', '09:00:00','12:00:00', 0, '2017-03-01 09:00:00', '2017-03-01 09:00:00'), 
		(51114, 4, 4, 54, '2017-06-12', '09:00:00','12:00:00', 0, '2017-03-01 09:00:00', '2017-03-01 09:00:00'),
		(51115, 5, 5, 55, '2017-06-12', '09:00:00','12:00:00', 0, '2017-03-01 09:00:00', '2017-03-01 09:00:00'),
		(51121, 2, 6, 55, '2017-06-12', '13:00:00','16:00:00', 0, '2017-03-01 09:00:00', '2017-03-01 09:00:00'),
		(51122, 3, 7, 54, '2017-06-12', '13:00:00','16:00:00', 0, '2017-03-01 09:00:00', '2017-03-01 09:00:00'),
		(51123, 4, 8, 53, '2017-06-12', '13:00:00','16:00:00', 0, '2017-03-01 09:00:00', '2017-03-01 09:00:00'),
		(51124, 5, 9, 52, '2017-06-12', '13:00:00','16:00:00', 0, '2017-03-01 09:00:00', '2017-03-01 09:00:00'),
		(51125, 1, 10, 51, '2017-06-12', '13:00:00','16:00:00', 0, '2017-03-01 09:00:00', '2017-03-01 09:00:00'),
		(51211, 3, 2, 51, '2017-06-13', '09:00:00','12:00:00', 0, '2017-03-01 09:00:00', '2017-03-01 09:00:00'),
		(51212, 4, 3, 52, '2017-06-13', '09:00:00','12:00:00', 0, '2017-03-01 09:00:00', '2017-03-01 09:00:00'),
		(51213, 5, 4, 53, '2017-06-13', '09:00:00','12:00:00', 0, '2017-03-01 09:00:00', '2017-03-01 09:00:00'),
		(51214, 1, 5, 54, '2017-06-13', '09:00:00','12:00:00', 0, '2017-03-01 09:00:00', '2017-03-01 09:00:00'),
		(51215, 2, 6, 55, '2017-06-13', '09:00:00','12:00:00', 0, '2017-03-01 09:00:00', '2017-03-01 09:00:00'),
		(51221, 4, 7, 55, '2017-06-13', '13:00:00','16:00:00', 0, '2017-03-01 09:00:00', '2017-03-01 09:00:00'),
		(51222, 5, 8, 54, '2017-06-13', '13:00:00','16:00:00', 0, '2017-03-01 09:00:00', '2017-03-01 09:00:00'),
		(51223, 1, 9, 53, '2017-06-13', '13:00:00','16:00:00', 0, '2017-03-01 09:00:00', '2017-03-01 09:00:00'),
		(51224, 2, 10, 52, '2017-06-13', '13:00:00','16:00:00', 0, '2017-03-01 09:00:00', '2017-03-01 09:00:00'),
		(51225, 3, 1, 51, '2017-06-13', '13:00:00','16:00:00', 0, '2017-03-01 09:00:00', '2017-03-01 09:00:00'),
		(51311, 5, 3, 51, '2017-06-14', '09:00:00','12:00:00', 0, '2017-03-01 09:00:00', '2017-03-01 09:00:00'),
		(51312, 1, 4, 52, '2017-06-14', '09:00:00','12:00:00', 0, '2017-03-01 09:00:00', '2017-03-01 09:00:00'),
		(51313, 2, 5, 53, '2017-06-14', '09:00:00','12:00:00', 0, '2017-03-01 09:00:00', '2017-03-01 09:00:00'),
		(51314, 3, 6, 54, '2017-06-14', '09:00:00','12:00:00', 0, '2017-03-01 09:00:00', '2017-03-01 09:00:00'),
		(51315, 4, 7, 55, '2017-06-14', '09:00:00','12:00:00', 0, '2017-03-01 09:00:00', '2017-03-01 09:00:00'),
		(51321, 6, 8, 55, '2017-06-14', '13:00:00','16:00:00', 0, '2017-03-01 09:00:00', '2017-03-01 09:00:00'),
		(51322, 7, 9, 54, '2017-06-14', '13:00:00','16:00:00', 0, '2017-03-01 09:00:00', '2017-03-01 09:00:00'),
		(51323, 8, 10, 53, '2017-06-14', '13:00:00','16:00:00', 0, '2017-03-01 09:00:00', '2017-03-01 09:00:00'),
		(51324, 9, 1, 52, '2017-06-14', '13:00:00','16:00:00', 0, '2017-03-01 09:00:00', '2017-03-01 09:00:00'),
		(51325, 10, 2, 51, '2017-06-14', '13:00:00','16:00:00', 0, '2017-03-01 09:00:00', '2017-03-01 09:00:00'),
		(51411, 7, 4, 51, '2017-06-15', '09:00:00','12:00:00', 0, '2017-03-01 09:00:00', '2017-03-01 09:00:00'),
		(51412, 8, 5, 52, '2017-06-15', '09:00:00','12:00:00', 0, '2017-03-01 09:00:00', '2017-03-01 09:00:00'),
		(51413, 9, 6, 53, '2017-06-15', '09:00:00','12:00:00', 0, '2017-03-01 09:00:00', '2017-03-01 09:00:00'),
		(51414, 10, 7, 54, '2017-06-15', '09:00:00','12:00:00', 0, '2017-03-01 09:00:00', '2017-03-01 09:00:00'),
		(51415, 6, 8, 55, '2017-06-15', '09:00:00','12:00:00', 0, '2017-03-01 09:00:00', '2017-03-01 09:00:00'),
		(51421, 8, 9, 55, '2017-06-15', '13:00:00','16:00:00', 0, '2017-03-01 09:00:00', '2017-03-01 09:00:00'),
		(51422, 9, 10, 54, '2017-06-15', '13:00:00','16:00:00', 0, '2017-03-01 09:00:00', '2017-03-01 09:00:00'),
		(51423, 10, 1, 53, '2017-06-15', '13:00:00','16:00:00', 0, '2017-03-01 09:00:00', '2017-03-01 09:00:00'),
		(51424, 6, 2, 52, '2017-06-15', '13:00:00','16:00:00', 0, '2017-03-01 09:00:00', '2017-03-01 09:00:00'),
		(51425, 7, 3, 51, '2017-06-15', '13:00:00','16:00:00', 0, '2017-03-01 09:00:00', '2017-03-01 09:00:00'),
		(51511, 9, 5, 51, '2017-06-16', '09:00:00','12:00:00', 0, '2017-03-01 09:00:00', '2017-03-01 09:00:00'),
		(51512, 10, 6, 52, '2017-06-16', '09:00:00','12:00:00', 0, '2017-03-01 09:00:00', '2017-03-01 09:00:00'),
		(51513, 6, 7, 53, '2017-06-16', '09:00:00','12:00:00', 0, '2017-03-01 09:00:00', '2017-03-01 09:00:00'),
		(51514, 7, 8, 54, '2017-06-16', '09:00:00','12:00:00', 0, '2017-03-01 09:00:00', '2017-03-01 09:00:00'),
		(51515, 8, 9, 55, '2017-06-16', '09:00:00','12:00:00', 0, '2017-03-01 09:00:00', '2017-03-01 09:00:00'),
		(51521, 10, 10, 55, '2017-06-16', '13:00:00','16:00:00', 0, '2017-03-01 09:00:00', '2017-03-01 09:00:00'),
		(51522, 6, 1, 54, '2017-06-16', '13:00:00','16:00:00', 0, '2017-03-01 09:00:00', '2017-03-01 09:00:00'),
		(51523, 7, 2, 53, '2017-06-16', '13:00:00','16:00:00', 0, '2017-03-01 09:00:00', '2017-03-01 09:00:00'),
		(51524, 8, 3, 52, '2017-06-16', '13:00:00','16:00:00', 0, '2017-03-01 09:00:00', '2017-03-01 09:00:00'),
		(51525, 9, 4, 51, '2017-06-16', '13:00:00','16:00:00', 0, '2017-03-01 09:00:00', '2017-03-01 09:00:00'),
		(1111, 1, 1, 512, '2018-06-11', '09:00:00','12:00:00', 1, '2017-11-01 09:00:00', '2017-12-14 13:00:00'),
		(1112, 2, 2, 52, '2018-06-11', '09:00:00','12:00:00', 1, '2017-11-01 09:00:00', '2017-11-01 09:00:00'),
		(1113, 3, 3, 53, '2018-06-11', '09:00:00','12:00:00', 1, '2017-11-01 09:00:00', '2017-11-01 09:00:00'),
		(1114, 4, 4, 54, '2018-06-11', '09:00:00','12:00:00', 1, '2017-11-01 09:00:00', '2017-11-01 09:00:00'),
		(1115, 5, 5, 55, '2018-06-11', '09:00:00','12:00:00', 1, '2017-11-01 09:00:00', '2017-11-01 09:00:00'),
		(1121, 2, 6, 55, '2018-06-11', '13:00:00','16:00:00', 1, '2017-11-01 09:00:00', '2017-11-01 09:00:00'),
		(1122, 3, 7, 54, '2018-06-11', '13:00:00','16:00:00', 1, '2017-11-01 09:00:00', '2017-11-01 09:00:00'),
		(1123, 4, 8, 53, '2018-06-11', '13:00:00','16:00:00', 1, '2017-11-01 09:00:00', '2017-11-01 09:00:00'),
		(1124, 5, 9, 52, '2018-06-11', '13:00:00','16:00:00', 1, '2017-11-01 09:00:00', '2017-11-01 09:00:00'),
		(1125, 1, 10, 512, '2018-06-11', '13:00:00','16:00:00', 1, '2017-11-01 09:00:00', '2017-12-14 13:00:00'),
		(1211, 3, 2, 512, '2018-06-12', '09:00:00','12:00:00', 1, '2017-11-01 09:00:00', '2017-12-14 13:00:00'),
		(1212, 4, 3, 52, '2018-06-12', '09:00:00','12:00:00', 1, '2017-11-01 09:00:00', '2017-11-01 09:00:00'),
		(1213, 5, 4, 53, '2018-06-12', '09:00:00','12:00:00', 1, '2017-11-01 09:00:00', '2017-11-01 09:00:00'),
		(1214, 1, 5, 54, '2018-06-12', '09:00:00','12:00:00', 1, '2017-11-01 09:00:00', '2017-11-01 09:00:00'),
		(1215, 2, 6, 55, '2018-06-12', '09:00:00','12:00:00', 1, '2017-11-01 09:00:00', '2017-11-01 09:00:00'),
		(1221, 4, 7, 55, '2018-06-12', '13:00:00','16:00:00', 1, '2017-11-01 09:00:00', '2017-11-01 09:00:00'),
		(1222, 5, 8, 54, '2018-06-12', '13:00:00','16:00:00', 1, '2017-11-01 09:00:00', '2017-11-01 09:00:00'),
		(1223, 1, 9, 53, '2018-06-12', '13:00:00','16:00:00', 1, '2017-11-01 09:00:00', '2017-11-01 09:00:00'),
		(1224, 2, 10, 52, '2018-06-12', '13:00:00','16:00:00', 1, '2017-11-01 09:00:00', '2017-11-01 09:00:00'),
		(1225, 3, 1, 512, '2018-06-12', '13:00:00','16:00:00', 1, '2017-11-01 09:00:00', '2017-12-14 13:00:00'),
		(1311, 5, 3, 512, '2018-06-13', '09:00:00','12:00:00', 1, '2017-11-01 09:00:00', '2017-12-14 13:00:00'),
		(1312, 1, 4, 52, '2018-06-13', '09:00:00','12:00:00', 1, '2017-11-01 09:00:00', '2017-11-01 09:00:00'),
		(1313, 2, 5, 53, '2018-06-13', '09:00:00','12:00:00', 1, '2017-11-01 09:00:00', '2017-11-01 09:00:00'),
		(1314, 3, 6, 54, '2018-06-13', '09:00:00','12:00:00', 1, '2017-11-01 09:00:00', '2017-11-01 09:00:00'),
		(1315, 4, 7, 55, '2018-06-13', '09:00:00','12:00:00', 1, '2017-11-01 09:00:00', '2017-11-01 09:00:00'),
		(1321, 6, 8, 55, '2018-06-13', '13:00:00','16:00:00', 1, '2017-11-01 09:00:00', '2017-11-01 09:00:00'),
		(1322, 7, 9, 54, '2018-06-13', '13:00:00','16:00:00', 1, '2017-11-01 09:00:00', '2017-11-01 09:00:00'),
		(1323, 8, 10, 53, '2018-06-13', '13:00:00','16:00:00', 1, '2017-11-01 09:00:00', '2017-11-01 09:00:00'),
		(1324, 9, 1, 52, '2018-06-13', '13:00:00','16:00:00', 1, '2017-11-01 09:00:00', '2017-11-01 09:00:00'),
		(1325, 10, 2, 512, '2018-06-13', '13:00:00','16:00:00', 1, '2017-11-01 09:00:00', '2017-12-14 13:00:00'),
		(1411, 7, 4, 512, '2018-06-14', '09:00:00','12:00:00', 1, '2017-11-01 09:00:00', '2017-12-14 13:00:00'),
		(1412, 8, 5, 52, '2018-06-14', '09:00:00','12:00:00', 1, '2017-11-01 09:00:00', '2017-11-01 09:00:00'),
		(1413, 9, 6, 53, '2018-06-14', '09:00:00','12:00:00', 1, '2017-11-01 09:00:00', '2017-11-01 09:00:00'),
		(1414, 10, 7, 54, '2018-06-14', '09:00:00','12:00:00', 1, '2017-11-01 09:00:00', '2017-11-01 09:00:00'),
		(1415, 6, 8, 55, '2018-06-14', '09:00:00','12:00:00', 1, '2017-11-01 09:00:00', '2017-11-01 09:00:00'),
		(1421, 8, 9, 55, '2018-06-14', '13:00:00','16:00:00', 1, '2017-11-01 09:00:00', '2017-11-01 09:00:00'),
		(1422, 9, 10, 54, '2018-06-14', '13:00:00','16:00:00', 1, '2017-11-01 09:00:00', '2017-11-01 09:00:00'),
		(1423, 10, 1, 53, '2018-06-14', '13:00:00','16:00:00', 1, '2017-11-01 09:00:00', '2017-11-01 09:00:00'),
		(1424, 6, 2, 52, '2018-06-14', '13:00:00','16:00:00', 1, '2017-11-01 09:00:00', '2017-11-01 09:00:00'),
		(1425, 7, 3, 512, '2018-06-14', '13:00:00','16:00:00', 1, '2017-11-01 09:00:00', '2017-12-14 13:00:00'),
		(1511, 9, 5, 512, '2018-06-15', '09:00:00','12:00:00', 1, '2017-11-01 09:00:00', '2017-12-14 13:00:00'),
		(1512, 10, 6, 52, '2018-06-15', '09:00:00','12:00:00', 1, '2017-11-01 09:00:00', '2017-11-01 09:00:00'),
		(1513, 6, 7, 53, '2018-06-15', '09:00:00','12:00:00', 1, '2017-11-01 09:00:00', '2017-11-01 09:00:00'),
		(1514, 7, 8, 54, '2018-06-15', '09:00:00','12:00:00', 1, '2017-11-01 09:00:00', '2017-11-01 09:00:00'),
		(1515, 8, 9, 55, '2018-06-15', '09:00:00','12:00:00', 1, '2017-11-01 09:00:00', '2017-11-01 09:00:00'),
		(1521, 10, 10, 55, '2018-06-15', '13:00:00','16:00:00', 1, '2017-11-01 09:00:00', '2017-11-01 09:00:00'),
		(1522, 6, 1, 54, '2018-06-15', '13:00:00','16:00:00', 1, '2017-11-01 09:00:00', '2017-11-01 09:00:00'),
		(1523, 7, 2, 53, '2018-06-15', '13:00:00','16:00:00', 1, '2017-11-01 09:00:00', '2017-11-01 09:00:00'),
		(1524, 8, 3, 52, '2018-06-15', '13:00:00','16:00:00', 1, '2017-11-01 09:00:00', '2017-11-01 09:00:00'),
		(1525, 9, 4, 512, '2018-06-15', '13:00:00','16:00:00', 1, '2017-11-01 09:00:00', '2017-12-14 13:00:00');
GO


/*
This section of the script populates CAMP.STUDENT_SCHEDULE table
*/
INSERT INTO CAMP.STUDENT_SCHEDULE([STUDENT_ID], [SCHEDULE_ID]) 
VALUES	(1, 51111),(1, 51121),(1, 51211),(1, 51221),(1, 51311),(1, 51321),(1, 51411),(1, 51421),(1, 51511),(1, 51521),
		(502, 51112),(502, 51122),(502, 51212),(502, 51222),(502, 51312),(502, 51322),(502, 51412),(502, 51422),(502, 51512),(502, 51522),
		(503, 51113),(503, 51123),(503, 51213),(503, 51223),(503, 51313),(503, 51323),(503, 51413),(503, 51423),(503, 51513),(503, 51523),
		(504, 51114),(504, 51124),(504, 51214),(504, 51224),(504, 51314),(504, 51324),(504, 51414),(504, 51424),(504, 51514),(504, 51524),
		(505, 51115),(505, 51125),(505, 51215),(505, 51225),(505, 51315),(505, 51325),(505, 51415),(505, 51425),(505, 51515),(505, 51525),
		(506, 51111),(506, 51121),(506, 51211),(506, 51221),(506, 51311),(506, 51321),(506, 51411),(506, 51421),(506, 51511),(506, 51521),
		(507, 51112),(507, 51122),(507, 51212),(507, 51222),(507, 51312),(507, 51322),(507, 51412),(507, 51422),(507, 51512),(507, 51522),
		(508, 51113),(508, 51123),(508, 51213),(508, 51223),(508, 51313),(508, 51323),(508, 51413),(508, 51423),(508, 51513),(508, 51523),
		(509, 51114),(509, 51124),(509, 51214),(509, 51224),(509, 51314),(509, 51324),(509, 51414),(509, 51424),(509, 51514),(509, 51524),
		(510, 51115),(510, 51125),(510, 51215),(510, 51225),(510, 51315),(510, 51325),(510, 51415),(510, 51425),(510, 51515),(510, 51525),
		(11, 51111),(11, 51121),(11, 51211),(11, 51221),(11, 51311),(11, 51321),(11, 51411),(11, 51421),(11, 51511),(11, 51521),
		(1, 1111),(1, 1121),(1, 1211),(1, 1221),(1, 1311),(1, 1321),(1, 1411),(1, 1421),(1, 1511),(1, 1521),
		(2, 1112),(2, 1122),(2, 1212),(2, 1222),(2, 1312),(2, 1322),(2, 1412),(2, 1422),(2, 1512),(2, 1522),
		(3, 1113),(3, 1123),(3, 1213),(3, 1223),(3, 1313),(3, 1323),(3, 1413),(3, 1423),(3, 1513),(3, 1523),
		(4, 1114),(4, 1124),(4, 1214),(4, 1224),(4, 1314),(4, 1324),(4, 1414),(4, 1424),(4, 1514),(4, 1524),
		(5, 1115),(5, 1125),(5, 1215),(5, 1225),(5, 1315),(5, 1325),(5, 1415),(5, 1425),(5, 1515),(5, 1525),
		(6, 1111),(6, 1121),(6, 1211),(6, 1221),(6, 1311),(6, 1321),(6, 1411),(6, 1421),(6, 1511),(6, 1521),
		(7, 1112),(7, 1122),(7, 1212),(7, 1222),(7, 1312),(7, 1322),(7, 1412),(7, 1422),(7, 1512),(7, 1522),
		(8, 1113),(8, 1123),(8, 1213),(8, 1223),(8, 1313),(8, 1323),(8, 1413),(8, 1423),(8, 1513),(8, 1523),
		(9, 1114),(9, 1124),(9, 1214),(9, 1224),(9, 1314),(9, 1324),(9, 1414),(9, 1424),(9, 1514),(9, 1524),
		(10, 1115),(10, 1125),(10, 1215),(10, 1225),(10, 1315),(10, 1325),(10, 1415),(10, 1425),(10, 1515),(10, 1525),
		(11, 1111),(11, 1121),(11, 1211),(11, 1221),(11, 1311),(11, 1321),(11, 1411),(11, 1421),(11, 1511),(11, 1521);
GO

/*
This section of the script populates CAMP.ROLE_AUTHORIZATION table
*/
INSERT CAMP.ROLE_AUTHORIZATION ([ROLE_ID], [OBJECT_NAME], [IS_ACTIVE], [CREATED_DATE], [UPDATED_DATE])
VALUES	(1, 'OBJ1', 1,'2017-03-01 09:00:00', '2017-03-01 09:00:00'),
		(2, 'OBJ1', 1,'2017-03-01 09:00:00', '2017-03-01 09:00:00'),
		(3, 'OBJ1', 1,'2017-03-01 09:00:00', '2017-03-01 09:00:00'),
		(4, 'OBJ1', 1,'2017-03-01 09:00:00', '2017-03-01 09:00:00'),
		(5, 'OBJ1', 1,'2017-03-01 09:00:00', '2017-03-01 09:00:00'),
		(1, 'OBJ2', 1,'2017-03-01 09:00:00', '2017-03-01 09:00:00'),
		(2, 'OBJ2', 1,'2017-03-01 09:00:00', '2017-03-01 09:00:00'),
		(3, 'OBJ2', 1,'2017-03-01 09:00:00', '2017-03-01 09:00:00');
GO